,Name,Brand,Price,Size
0,Thermostat Drone Heater,Bradford-Yu,74,Medium
1,Ultra Speaker Iron Grill Advanced One,Douglas Group,510,Small
2,Watch Headphones Kettle,Landry-Austin,254,XXL
3,Portable Toaster Clock Monitor Silent,"Odom, Norton and Foster",69,XL
4,Pro Toaster Oven,"Fowler, Mendoza and Mcdaniel",525,XL
5,Mini Speakerphone Mixer,Burton-Gould,413,Medium
6,Eco Cooler Printer Speaker Prime Prime,"Soto, Raymond and Doyle",621,Extra Large
7,Webcam Trimmer Projector,"Padilla, Dunn and Pruitt",414,XL
8,Silent Headphones Stove Wireless Air Clean,Hughes and Sons,858,5x7 in
9,Wireless Charger Air Premium Ultra,Mcbride-Wyatt,153,S
10,Portable Fan Monitor Toaster Pro Smart Air,"Wilkins, Horne and Farrell",738,12x18 in
11,Mini Iron Drone,"Miranda, Lucero and Blevins",367,S
12,Smart Grill Tablet Fridge Sense,Marshall Group,867,XL
13,Portable Grill Air Edge,Tanner LLC,356,S
14,Premium Brush Scale Grill Plus Plus,Mathews and Sons,439,M
15,Vacuum Router Toaster,Stephenson PLC,245,L
16,Digital Clock Lock Eco Premium Portable,Leonard LLC,999,XL
17,Fast Watch Microphone Microphone,"Montes, Hickman and Stout",868,M
18,Clean Dock Mixer Router,Matthews Ltd,411,Large
19,Cooker Brush,Contreras-Bonilla,280,50x70 cm
20,Premium Cooler Premium Sense,Greene-Ayers,448,M
21,Digital Powerbank Rechargeable Wireless,Hanna Group,612,S
22,Digital Drone Advanced,Quinn-Fields,517,Medium
23,Automatic Thermostat Drone Heater,Livingston-Steele,182,XL
24,Clean Webcam Powerbank Portable Compact,"Pearson, Hubbard and Woodward",935,S
25,Headphones,"Zavala, Pugh and Wiley",35,Large
26,Fan Iron Cooker,Mcfarland-Buck,926,Large
27,Wireless Printer Fan Compact Plus,Kirby and Sons,934,10x10 cm
28,Ultra Projector Rechargeable,"Owen, Caldwell and Salazar",282,S
29,Blender Toaster Camera,Montoya Group,90,Large
30,Treadmill,"Franklin, Liu and Evans",537,L
31,Portable Webcam Powerbank Rechargeable Advanced,Harrison Ltd,177,8x10 in
32,Fan Phone,Kennedy-Weiss,335,50x70 cm
33,Pro Stove Eco Smart,"Joyce, Mcdonald and Maldonado",663,XXL
34,Charger,"Mills, Mendez and Waller",596,L
35,Fan Phone,Maldonado PLC,385,10x10 cm
36,Fan Powerbank,"Payne, Joseph and Ponce",825,8x10 in
37,Premium Router Lamp,Roman and Sons,245,100x200 mm
38,Smart Keyboard Toaster Monitor,Duarte Ltd,573,Large
39,Pro Iron Drone Ultra,Rogers Ltd,536,Medium
40,Fan,"Shaffer, Bowers and Parrish",783,XS
41,Fast Cooler Prime Advanced,Hartman LLC,181,M
42,Advanced Webcam Printer,"Montoya, Barnes and Haley",914,12x18 in
43,Premium Scooter,Cowan and Sons,486,12x18 in
44,Eco Vacuum Iron Phone Clean One Max,"Beltran, Khan and Proctor",20,15x20 cm
45,Clean Drone Heater Scanner Digital Eco Rechargeable,Mckee Ltd,162,Extra Large
46,Portable Drone Heater Scanner Lite Premium,Roth-Maddox,363,L
47,Ultra Brush,"Ware, Singh and Holloway",818,5x7 in
48,Charger Lock Oven,Sellers LLC,84,50x70 cm
49,Automatic Clock Lock Digital Touch,Hess-Daniel,549,XS
50,Cooker Cooler,Figueroa-Bowen,643,L
51,Iron Heater,"Garcia, Salazar and Roberson",459,Extra Large
52,Advanced Powerbank Touch Max,"Price, Ford and Shaw",273,100x200 mm
53,Digital Projector Oven Thermostat Pro,Pena-Schultz,306,L
54,Eco Grill Automatic,Burns-Chavez,976,Small
55,Smart Tablet Speaker Scooter,Dudley-Johnson,980,M
56,Eco Toaster Oven Eco Compact Wireless,"Bonilla, Robbins and Hayes",565,L
57,Premium Cooler Digital Max,Merritt-Maddox,887,Medium
58,Clean Camera Drone Fan One Max,Beasley-Valdez,466,12x18 in
59,Fan Drone Monitor,Goodwin LLC,542,L
60,Smart Heater Toaster Stove 360 Premium,Stephens-Keller,919,8x10 in
61,Advanced Toaster Scanner,Jackson-Wall,310,100x200 mm
62,Automatic Camera Monitor Charger,"Mack, Morris and Wall",873,15x20 cm
63,Wireless Grill Grill Silent,Armstrong-Ramirez,181,XS
64,Fast Clock Brush Prime,Owen Ltd,80,S
65,Digital Keyboard,"Nash, Newton and Hodge",989,100x200 mm
66,Fast Tablet,"Finley, Rush and Hawkins",567,50x70 cm
67,Fan Powerbank,"Mcmillan, Robertson and Norris",660,12x18 in
68,Heater Radio,Hebert-Costa,347,100x200 mm
69,Bicycle Scooter,"Gordon, Peck and Hurley",866,15x20 cm
70,Ultra Freezer Smart X Prime,Santana Inc,990,Small
71,Advanced Drone Heater Scanner Wireless,Shea-Wang,908,Small
72,Light Heater Clock,Richards-Hess,489,50x70 cm
73,Smart Fan Touch Rechargeable Fast,Calderon PLC,971,XS
74,Heater,Spencer Group,757,S
75,Silent Iron Monitor Eco,Cochran-Burton,892,8x10 in
76,Eco Oven Mouse Cooler Touch Wireless Advanced,Roth-Bates,348,Small
77,Premium Charger Bicycle Fan Eco,Frost-Richmond,769,15x20 cm
78,Microphone Heater,Joseph-Chan,200,XS
79,Mixer,Foley and Sons,490,8x10 in
80,Advanced Thermostat Eco,Patrick Group,329,S
81,Eco Printer Advanced,"Mcknight, Rosales and Valencia",576,10x10 cm
82,Scanner Drone,Burton-Matthews,823,Small
83,Eco Cooler Treadmill Rechargeable,Chung Ltd,119,50x70 cm
84,Fan,Dickson-Vega,406,Small
85,Mini Treadmill Dock Compact,Christian and Sons,371,30x40 cm
86,Portable Blender Wireless,"Faulkner, Daugherty and Molina",798,100x200 mm
87,Portable Iron Monitor Premium Pro Eco,Vincent Group,20,XS
88,Scooter Scale Cooler,Huff-Morrow,765,15x20 cm
89,Freezer,Webb-Roman,765,XS
90,Advanced Blender,"Duarte, Cisneros and Fitzpatrick",517,10x10 cm
91,Digital Radio Radio Pro,Ochoa and Sons,536,XS
92,Ultra Kettle,Mcgrath PLC,650,XXL
93,Silent Lock Thermostat Air Touch,"Huber, Clark and Griffith",974,XS
94,Iron,Silva and Sons,59,15x20 cm
95,Digital Scanner Rechargeable Ultra Prime,Pham-Erickson,867,Large
96,Advanced Blender Toaster Camera,Barr-Riley,371,15x20 cm
97,Automatic Watch Thermostat Clean,Sutton Group,320,XS
98,Microphone Treadmill Oven,Reese-Cox,757,8x10 in
99,Premium Powerbank Iron Brush Edge Prime,Wong-Perez,669,8x10 in
100,Rechargeable Headphones X Lite 360,Gaines-Schneider,829,15x20 cm
101,Heater Mixer Shaver,"Ho, Lang and Shannon",459,5x7 in
102,Compact Vacuum,Raymond Ltd,298,S
103,Compact Mixer Freezer Trimmer,"Ramirez, Dean and Mueller",766,10x10 cm
104,Pro Projector Mini Air,Mills Group,594,50x70 cm
105,Silent Fan Fast One,"Hayden, Woodward and Barton",969,L
106,Wireless Projector Mini,"Cantrell, Welch and Trevino",423,12x18 in
107,Rechargeable Treadmill,Flowers-Werner,494,10x10 cm
108,Digital Toaster Scanner Touch,Olson-Mills,729,Large
109,Iron Thermostat,"Lynn, Figueroa and Craig",54,Extra Large
110,Eco Powerbank Digital Ultra,Nash-Hughes,317,Small
111,Fast Fridge Mouse Monitor Silent,Riggs-Edwards,566,15x20 cm
112,Smart Mixer Lamp Premium,Schroeder Inc,721,50x70 cm
113,Premium Powerbank Router Compact Pro Sense,Mcclain-Simpson,469,100x200 mm
114,Digital Fridge Fan Lamp Compact,"Lynn, Simpson and Mcmillan",872,S
115,Mouse,Walker-Woods,674,15x20 cm
116,Smart Lamp Prime Ultra,Kramer PLC,931,5x7 in
117,Portable Watch Go Lite,"Glover, James and Booker",207,15x20 cm
118,Wireless Webcam Trimmer Projector Automatic Advanced Portable,Flynn LLC,393,5x7 in
119,Ultra Fan Advanced,Oliver PLC,19,12x18 in
120,Pro Watch Fridge Ultra Digital,Whitehead PLC,864,XL
121,Eco Headphones Premium X,Vega-Fernandez,349,15x20 cm
122,Tablet Blender,Gray Inc,87,10x10 cm
123,Pro Headphones Monitor,Osborne-Rivera,522,XS
124,Digital Lamp Blender Drone,"Bush, Archer and Hurley",368,5x7 in
125,Smart Scanner Tablet Radio,Roach and Sons,406,Large
126,Stove Blender Oven,Lang-Santana,274,8x10 in
127,Pro Clock Brush Pro Wireless,Shaw-Chung,823,XL
128,Projector Freezer,"Hughes, Melendez and Trevino",850,30x40 cm
129,Fast Scanner Mouse Wireless Air Lite,Becker and Sons,384,30x40 cm
130,Silent Charger Tablet Brush,Harper Inc,459,10x10 cm
131,Dock,"Underwood, Ingram and Gregory",23,50x70 cm
132,Dock Dock Trimmer,Carey LLC,869,Extra Large
133,Premium Radio Rechargeable Max Mini,Gentry LLC,66,XXL
134,Smart Tablet Tablet Kettle Mini,"Allen, Maxwell and Barnett",859,Medium
135,Ultra Mixer Freezer Trimmer Digital Wireless Plus,Stokes and Sons,519,50x70 cm
136,Smart Thermostat Camera Watch Smart One,Dougherty LLC,146,XS
137,Fast Drone Printer Tablet,Yoder-Hensley,395,Small
138,Premium Blender Cooker Prime,Lester-Ross,528,L
139,Advanced Freezer Clean,Campos-Chan,959,10x10 cm
140,Automatic Speaker Router Lamp Pro,Pacheco PLC,16,10x10 cm
141,Advanced Mixer Drone Fan Premium,"Sanford, Paul and Byrd",608,XL
142,Wireless Vacuum Cooler,"Cunningham, Day and Miller",854,Large
143,Smart Router Lamp,Moreno-Madden,385,10x10 cm
144,Compact Bicycle Speakerphone Printer Prime 360,"Walton, Marshall and Black",361,Large
145,Digital Trimmer Clock X Digital Pro,Acevedo-Richard,225,Medium
146,Mini Watch Headphones Kettle Max Portable X,Hull LLC,881,M
147,Wireless Speaker Keyboard,Hopkins PLC,848,XS
148,Eco Thermostat Camera Watch,"Lawson, Bass and Francis",837,50x70 cm
149,Compact Camera One Mini Smart,"White, Daugherty and Hunt",709,8x10 in
150,Silent Webcam Scooter,Christensen and Sons,946,XXL
151,Drone,Mcclure Inc,355,XL
152,Automatic Clock Drone Charger,Cunningham Group,357,M
153,Clean Watch Headphones Kettle Air Fast,"Perez, Alvarez and Gordon",45,10x10 cm
154,Mini Oven Drone,Lee Ltd,432,M
155,Portable Grill Tablet Fridge X Air,"Cortez, Leach and Raymond",249,Small
156,Clean Thermostat Printer Premium Prime,Roberson LLC,140,100x200 mm
157,Ultra Lamp Clean Edge,"Huerta, Cummings and Cross",807,Medium
158,Fast Mouse Sense Smart,Shelton-Faulkner,622,30x40 cm
159,Oven Scale,Salas-Bates,226,XS
160,Rechargeable Cooler Mini Ultra,"Henderson, Bautista and Irwin",82,8x10 in
161,Phone,Bowers-Moreno,489,Small
162,Iron Microphone,"Spears, Odom and Bennett",463,Large
163,Smart Drone Thermostat Headphones Touch Go Eco,"Berry, Lowery and Mccann",505,XL
164,Mini Thermostat Webcam Bicycle,Bridges Ltd,891,M
165,Speaker Iron Grill,"Long, House and Cannon",388,5x7 in
166,Automatic Headphones Fast Pro Rechargeable,Wang Group,884,S
167,Portable Toaster Scooter Air,French Group,26,L
168,Mini Webcam Trimmer Projector Digital Fast,West and Sons,847,12x18 in
169,Toaster Light Monitor,Krause-Ramos,99,8x10 in
170,Compact Microphone Treadmill Oven Plus,Price LLC,435,30x40 cm
171,Projector Freezer,Chavez-Dawson,786,15x20 cm
172,Ultra Scooter,Benson LLC,295,S
173,Premium Watch Grill Compact Ultra 360,Villarreal and Sons,583,100x200 mm
174,Ultra Scooter Wireless Clean Touch,Todd Group,884,8x10 in
175,Portable Heater Toaster Stove Fast,"Wagner, Rangel and Morton",567,L
176,Smart Powerbank Iron Brush Wireless,Guzman-Leach,488,50x70 cm
177,Ultra Camera Silent,"Hart, Mercer and Clayton",256,XXL
178,Pro Light Drone Fast Fast,Mays and Sons,366,Medium
179,Compact Drone Fast Lite Mini,Oconnell PLC,731,50x70 cm
180,Compact Radio,Fowler-Williams,763,XL
181,Smart Router Lamp 360 360 Silent,Murray-Petersen,646,Medium
182,Fridge Fan Lamp,Gates-Riggs,416,30x40 cm
183,Fan Clock Camera,Gaines-Pruitt,583,XS
184,Webcam Scooter,"Wall, Morrison and Hurley",229,15x20 cm
185,Light Drone,Sawyer Inc,113,Medium
186,Automatic Charger Bicycle Cooker Mini Pro,Wood-Juarez,720,L
187,Premium Blender Air,"Henderson, Dunn and Bradshaw",351,M
188,Smart Scale Prime Air,"Lynch, Ballard and Garrison",305,L
189,Monitor Light,"Davenport, Vazquez and Peters",302,10x10 cm
190,Microphone Cooler,"Gregory, Stanton and Dominguez",565,Large
191,Grill Tablet Fridge,Nixon LLC,326,M
192,Clean Bicycle Wireless Digital Lite,"Russell, Newton and Mcgee",504,100x200 mm
193,Automatic Charger Bicycle Fan,Daniels-Pearson,677,XL
194,Pro Powerbank Cooker Iron Ultra,Webster-Delacruz,991,Large
195,Digital Scooter Rechargeable Clean Portable,Matthews-Baker,414,XS
196,Compact Thermostat Microphone Scooter Silent,Henderson LLC,355,15x20 cm
197,Fast Mouse Digital Portable Plus,Jackson PLC,818,XXL
198,Automatic Watch Grill,Meadows LLC,673,Small
199,Wireless Printer Fan Air Lite Go,Hurst-Blevins,748,5x7 in
200,Pro Brush,"Whitaker, Davenport and Esparza",525,Large
201,Smart Router,Hunt Ltd,742,XL
202,Eco Projector,Wallace Group,380,S
203,Digital Grill Microphone Projector,"Gregory, Macias and Yang",869,Large
204,Silent Mixer Treadmill Touch Smart Advanced,Nelson LLC,318,30x40 cm
205,Clean Radio Rechargeable,Velasquez PLC,297,XL
206,Compact Clock Lock,"Obrien, Lucero and Krause",575,M
207,Webcam Projector Oven,Ford-Mayer,998,Extra Large
208,Advanced Mouse Lamp 360,Lang LLC,45,XS
209,Automatic Heater Stove Scanner,Costa LLC,622,XS
210,Scooter,Mccarthy-Spears,232,15x20 cm
211,Eco Camera,Stuart-Trevino,805,Extra Large
212,Fast Printer Lock Thermostat Automatic Go Digital,Pace and Sons,938,XL
213,Automatic Lock Freezer,Boyer-Fleming,688,50x70 cm
214,Ultra Radio Eco,Ali LLC,698,Small
215,Clean Lock Thermostat,"Schmitt, Fields and Marquez",77,L
216,Fast Freezer Max,Brady-David,136,Medium
217,Mixer Treadmill,Johnston and Sons,680,100x200 mm
218,Thermostat Stove Lamp,Dixon-Santana,934,XL
219,Wireless Dock Eco X Automatic,Hogan-Carson,342,XXL
220,Dock Dock Trimmer,Baldwin-Schneider,449,15x20 cm
221,Silent Grill Grill Scale,"Krause, Bass and Horn",612,Extra Large
222,Shaver Thermostat,Washington Ltd,422,Small
223,Digital Charger Cooker Thermostat Premium Portable,Lozano Inc,939,M
224,Premium Camera Keyboard Sense Lite Plus,"Valencia, Tanner and Sosa",224,XXL
225,Smart Lock Edge,Li Ltd,44,15x20 cm
226,Smart Heater Keyboard 360 360,Owens and Sons,931,XXL
227,Wireless Grill Brush Watch Pro,"Sherman, Shepherd and Cunningham",24,S
228,Premium Kettle Clean Smart Rechargeable,Hardin-Espinoza,467,XS
229,Wireless Headphones Fast Lite Premium,"Weeks, Jensen and Andrade",635,50x70 cm
230,Smart Light Clean,Sutton PLC,447,8x10 in
231,Smart Brush Blender Vacuum,Simon-Werner,990,50x70 cm
232,Wireless Heater Monitor Max Clean,"Gould, Mays and Clayton",447,30x40 cm
233,Ultra Speakerphone Oven Air,Odonnell-Butler,256,L
234,Smart Fan Monitor Toaster Advanced One 360,Santiago-Chapman,609,50x70 cm
235,Wireless Camera Advanced,Sherman Group,144,XL
236,Rechargeable Light Webcam Cooker Go,Fox LLC,284,XXL
237,Ultra Oven Go Fast,Warner-Hodges,707,15x20 cm
238,Automatic Drone Silent Prime Premium,Forbes-Mendoza,176,Extra Large
239,Eco Webcam Toaster Fast Prime Mini,Goodwin-Sanchez,636,Small
240,Speaker Router Lamp,Patton-Choi,337,8x10 in
241,Pro Scanner Monitor Treadmill,"Holloway, Cohen and Houston",946,Large
242,Portable Camera Edge,"Malone, Bowman and Holland",919,50x70 cm
243,Projector,"Villegas, Ford and Mccoy",585,M
244,Rechargeable Watch Headphones Kettle,Spears-Saunders,656,Extra Large
245,Portable Headphones Edge,"George, Gillespie and Mcclure",442,XXL
246,Digital Camera Drone Fan Smart Compact Air,"Duncan, Gonzales and Watkins",806,10x10 cm
247,Digital Projector Wireless Air Edge,Griffith-Rios,429,L
248,Smart Fan Lamp Automatic Fast Lite,Barajas-Vasquez,653,8x10 in
249,Microphone,"Cunningham, Harding and Ruiz",787,Extra Large
250,Eco Brush Blender Vacuum Automatic Ultra,"Yates, Lewis and Dudley",347,12x18 in
251,Ultra Clock Lock,Griffin and Sons,931,XL
252,Clean Fan Eco Fast Max,Briggs-Krause,180,30x40 cm
253,Fast Fan Go 360,Pena-Singleton,847,XL
254,Scale,"Snow, Cobb and Rosales",562,12x18 in
255,Compact Keyboard Go,Yates Group,595,50x70 cm
256,Digital Projector Oven Thermostat Advanced Eco Smart,Guerrero-Huff,380,XL
257,Pro Speaker Powerbank Camera,"Park, Greer and Stewart",503,8x10 in
258,Rechargeable Lamp Freezer,"Jenkins, Lester and Rios",476,Medium
259,Keyboard Toaster Monitor,Porter-Chavez,662,100x200 mm
260,Wireless Webcam,Abbott-Foster,790,8x10 in
261,Powerbank Brush Charger,Barron-Shea,823,XL
262,Smart Camera Router Fan Go,Reilly PLC,9,100x200 mm
263,Rechargeable Phone Grill,"Mcmillan, Russell and Weber",405,100x200 mm
264,Kettle Brush Fan,"Elliott, Woodward and Short",789,XL
265,Digital Bicycle Mini Rechargeable Digital,Shepherd and Sons,218,12x18 in
266,Rechargeable Thermostat Oven,Charles-Glass,670,L
267,Advanced Phone Speaker Blender Compact,Bright-Mcknight,508,Medium
268,Premium Lamp Lamp Mini Prime,"Fry, Oneal and Montes",614,Small
269,Portable Microphone,Garner LLC,188,100x200 mm
270,Ultra Thermostat Drone Heater Plus Smart Eco,Arnold Group,866,12x18 in
271,Mini Lamp Monitor,Cain PLC,226,Extra Large
272,Smart Powerbank Cooker Iron Advanced Go Go,Boyle-Guerra,655,5x7 in
273,Fast Radio Smart,"Acosta, Cortez and Phelps",534,50x70 cm
274,Compact Brush,"Trevino, Wang and Lam",684,30x40 cm
275,Smart Toaster Pro,Mccall-Lynn,405,M
276,Eco Webcam Dock Heater Go,"Orozco, Nguyen and Miles",530,15x20 cm
277,Eco Scale Trimmer Grill Edge,"Guzman, Ayers and Trujillo",960,8x10 in
278,Pro Mouse Treadmill Phone Eco Portable Compact,"Olsen, Tanner and Mccormick",334,100x200 mm
279,Wireless Dock Router Webcam Mini,Brock-Owen,472,30x40 cm
280,Silent Charger,Morgan-Cisneros,325,8x10 in
281,Trimmer Stove,"Wise, Barry and Proctor",307,15x20 cm
282,Lock Charger,Singh-Estrada,206,5x7 in
283,Light Headphones Tablet,Rodriguez PLC,856,XS
284,Automatic Lock Ultra,Stanley and Sons,994,12x18 in
285,Mini Mouse Monitor Phone Plus Wireless Wireless,"Goodwin, Wolfe and Jenkins",193,50x70 cm
286,Rechargeable Watch Thermostat,"Strickland, Larson and York",296,XXL
287,Thermostat Drone Heater,Riggs Inc,738,8x10 in
288,Eco Thermostat,Rocha-Bright,325,8x10 in
289,Treadmill Dock,Donaldson and Sons,957,XXL
290,Heater Stove Scanner,"Aguilar, Stephens and Yates",812,M
291,Compact Blender One,Ware PLC,831,XS
292,Charger Lamp,Lane-Kennedy,405,Small
293,Premium Router Scanner,Ochoa Ltd,55,XS
294,Smart Phone Iron Speakerphone Prime Pro,Orr Ltd,708,Small
295,Smart Freezer Powerbank Watch Pro Lite Plus,"Walsh, Shaffer and Hahn",114,XS
296,Radio,Ramirez-Terry,865,S
297,Rechargeable Bicycle Prime,"Rogers, Bradley and Buchanan",499,Large
298,Radio Stove Shaver,"Landry, Blankenship and Harrison",520,10x10 cm
299,Smart Dock,Kaufman-Nash,913,Small
300,Mouse Heater,Mccormick Inc,314,XS
301,Webcam Scooter,"Ferguson, Mcgrath and Logan",112,XXL
302,Eco Heater Monitor Sense Ultra Portable,"Thomas, Cannon and Weber",442,M
303,Mini Fridge Freezer Plus,Prince Ltd,516,XS
304,Clean Webcam Ultra Go,Fitzpatrick-Stark,666,50x70 cm
305,Eco Charger Eco,Espinoza-Anderson,20,30x40 cm
306,Premium Mixer Vacuum Sense Premium X,Cunningham Ltd,89,XS
307,Smart Fridge Go,Quinn-Collins,784,Small
308,Premium Bicycle Wireless 360 Touch,"Leblanc, Manning and Stout",978,Large
309,Scale Stove,Simpson-Ross,362,100x200 mm
310,Ultra Clock Drone Charger Prime,Washington Group,724,M
311,Wireless Scooter Scale Cooler Smart Edge,Rasmussen-Pollard,449,8x10 in
312,Smart Watch Tablet Printer,Spencer-Black,632,Medium
313,Ultra Iron Monitor Smart Eco Smart,Bradshaw-Garrison,568,100x200 mm
314,Rechargeable Heater,Gill-Ochoa,944,100x200 mm
315,Ultra Radio Iron,Combs-Briggs,604,XXL
316,Silent Scale Portable 360 Pro,"Reeves, Valenzuela and Zavala",443,Extra Large
317,Fast Thermostat Microphone Scooter Plus,"Briggs, Goodwin and Fisher",817,10x10 cm
318,Drone Heater Scanner,Higgins-Leon,783,10x10 cm
319,Eco Dock Trimmer,Cochran-Rich,106,5x7 in
320,Charger,"Chang, Christensen and Cain",411,Small
321,Wireless Camera Touch,Cardenas Inc,68,50x70 cm
322,Silent Clock Lock Lite Rechargeable Digital,Weiss-Lyons,272,8x10 in
323,Smart Toaster Clock Monitor 360 Sense,Hopkins-Barrett,773,100x200 mm
324,Eco Webcam Projector Lock,Hampton Inc,49,XL
325,Premium Powerbank Radio Lite Prime,"Wilkerson, Christensen and Baxter",996,M
326,Mini Scale Treadmill,Small Inc,882,12x18 in
327,Advanced Scanner Drone Go Max,Beasley PLC,932,50x70 cm
328,Portable Drone Thermostat Headphones 360 Touch Max,"Schroeder, Hill and Anthony",593,30x40 cm
329,Rechargeable Shaver Drone Premium,"Owen, Joyce and Mcclain",206,S
330,Pro Mouse Mouse Router Lite Mini,Cannon Ltd,246,15x20 cm
331,Smart Projector,Nolan-Lam,374,XL
332,Smart Oven Speaker Fan Clean Wireless,Holder-Downs,701,M
333,Automatic Trimmer Stove Smart Smart,Fry-Sexton,663,50x70 cm
334,Digital Drone Eco Rechargeable,Sanders PLC,117,100x200 mm
335,Mini Cooler Fan X,"Lucero, Swanson and Murray",916,15x20 cm
336,Automatic Dock Mixer Router Mini,Lambert LLC,539,15x20 cm
337,Mini Drone Heater Scanner Premium Max Ultra,Erickson Inc,225,Large
338,Premium Watch Camera Go Premium,Joyce Ltd,599,S
339,Rechargeable Toaster Clock Monitor Prime Eco,"Mckenzie, Ayala and Griffith",858,Medium
340,Tablet,Collier LLC,840,5x7 in
341,Fan Drone Monitor,Spears Inc,365,L
342,Advanced Oven Speaker Fan,"Elliott, Howell and Baldwin",473,10x10 cm
343,Premium Scooter Bicycle Oven Smart Ultra,Bennett-Hebert,453,5x7 in
344,Smart Phone Grill,Joyce Inc,388,M
345,Clean Watch Microphone Microphone Mini Wireless Compact,Sloan-Curry,676,15x20 cm
346,Silent Cooker Mouse Bicycle,"Haas, Bowman and Bass",952,12x18 in
347,Trimmer Cooler,Brandt-Cherry,292,10x10 cm
348,Pro Speaker Router Lamp,Singh Inc,313,Small
349,Mini Drone Printer Portable Wireless Automatic,"Cline, Schneider and Ramirez",653,Extra Large
350,Mini Radio Mixer Lite,Gilmore-Wells,100,Small
351,Mini Router Freezer Webcam Air Max Edge,"Owens, Preston and Garza",909,8x10 in
352,Compact Phone Scooter,"Bentley, Bush and Gilbert",803,10x10 cm
353,Silent Mouse Radio Light,"Huffman, Hobbs and Flowers",957,XXL
354,Wireless Clock Advanced Rechargeable,"Bolton, Sandoval and Decker",899,15x20 cm
355,Fridge,Hanson-West,529,S
356,Clock Drone Charger,Briggs-Hendricks,489,15x20 cm
357,Automatic Scooter Microphone Wireless Compact Smart,Chase Ltd,325,Small
358,Smart Vacuum Lite Rechargeable Prime,Nielsen Ltd,755,12x18 in
359,Advanced Mixer Vacuum Wireless,Calderon Group,32,Medium
360,Silent Powerbank Sense Compact Rechargeable,"Thornton, Payne and Waters",433,L
361,Fan Drone Monitor,Mooney-Olsen,979,Medium
362,Smart Lamp Freezer Prime Advanced Clean,Mata-Norman,643,XS
363,Projector,Hughes-Rocha,718,10x10 cm
364,Digital Mixer Heater Wireless Rechargeable,Brown Group,345,8x10 in
365,Dock,Moreno PLC,944,15x20 cm
366,Rechargeable Brush Scanner Wireless Plus,Francis-Johns,776,Small
367,Ultra Scale Toaster,"Stevens, Barton and Hull",75,XL
368,Smart Vacuum Iron Phone Pro,Thornton-Moyer,337,L
369,Advanced Webcam Cooker Toaster Smart,"Zuniga, Townsend and Huber",533,100x200 mm
370,Ultra Cooker 360 Eco Pro,Day-Noble,999,L
371,Rechargeable Grill Trimmer Eco,Dean Ltd,69,10x10 cm
372,Advanced Powerbank Scooter Rechargeable Air,"Jarvis, Owen and Downs",576,L
373,Mini Dock 360 One Premium,Chaney-Gentry,215,Large
374,Advanced Radio Smart Compact One,"Cohen, Long and Bauer",301,15x20 cm
375,Premium Powerbank Scooter Rechargeable Edge Eco,Valdez-Vincent,890,5x7 in
376,Portable Lock Blender,Olsen Inc,290,50x70 cm
377,Watch,"Rivas, Tucker and Humphrey",369,XXL
378,Clean Scooter Scale Cooler Portable Smart,Silva Inc,147,Extra Large
379,Clean Powerbank Cooker Iron Lite,Lucero-Klein,685,15x20 cm
380,Phone Speaker Blender,Pearson-Browning,392,Extra Large
381,Clean Phone Speaker Blender Touch Wireless,"Berg, Dillon and Mueller",988,12x18 in
382,Digital Treadmill Smart Edge Pro,Duncan-Hayes,160,Small
383,Portable Lamp One Prime One,"Orr, Carr and Williams",854,M
384,Lock Freezer,Short Ltd,296,M
385,Blender Cooker,May and Sons,841,5x7 in
386,Keyboard Freezer,Fitzgerald Group,423,XXL
387,Smart Clock Brush Prime,Monroe PLC,761,100x200 mm
388,Advanced Kettle Plus,"Lin, Casey and Allison",421,XXL
389,Wireless Radio Treadmill,Eaton PLC,631,50x70 cm
390,Wireless Speakerphone Eco Smart,Thomas-Downs,123,Large
391,Fast Clock Sense Go,"Mccarty, Kelly and Tate",301,XL
392,Powerbank Brush Charger,"Oconnell, Savage and Dougherty",102,8x10 in
393,Rechargeable Kettle Brush Fan Max,"Jackson, Shaffer and Garner",363,Extra Large
394,Wireless Radio Smart Air Prime,White-Herman,206,Extra Large
395,Charger Bicycle Fan,Bond Ltd,276,S
396,Charger Lamp,Everett Ltd,38,XS
397,Radio,Booth-Bernard,673,Large
398,Smart Bicycle Speakerphone Printer,"Goodman, Campos and Daniels",878,30x40 cm
399,Pro Headphones Monitor Rechargeable Pro Go,Travis-Greer,624,S
400,Fast Powerbank Mini Sense,Tate-Villa,770,5x7 in
401,Digital Camera Drone Fan Digital Mini Rechargeable,Kirk Group,163,Small
402,Portable Mouse Rechargeable,Mckinney-Huynh,540,M
403,Wireless Scooter Advanced Plus,"Hensley, Hawkins and Gregory",910,30x40 cm
404,Grill Phone,Fischer-Chandler,551,10x10 cm
405,Mini Cooler,May-Shepherd,201,M
406,Automatic Charger Lamp Ultra,"Rivas, Huffman and Mason",322,L
407,Compact Microphone Lamp Speaker Clean Wireless,Hunter PLC,383,50x70 cm
408,Fast Cooler Sense Premium,Pennington and Sons,318,L
409,Rechargeable Cooler Vacuum Wireless Premium,Brock Inc,289,L
410,Compact Scanner Shaver Powerbank Advanced One Mini,Banks-Dyer,478,XXL
411,Portable Toaster Scanner,Diaz Group,721,12x18 in
412,Fast Shaver Mouse Lite Lite Plus,Pittman-Padilla,227,Small
413,Fast Heater Touch,Duke Group,460,Medium
414,Portable Trimmer Stove One Premium,"Miller, Harrington and Blanchard",500,10x10 cm
415,Smart Speakerphone Stove Tablet Advanced Wireless,Wilkins Inc,610,XXL
416,Advanced Fan Thermostat Edge,Evans LLC,413,Large
417,Monitor,Campos-Mcdonald,812,30x40 cm
418,Advanced Fridge Fan Lamp Ultra X,Fischer-Moran,474,30x40 cm
419,Automatic Cooler Treadmill,Gallegos-Schroeder,840,XXL
420,Microphone Clock,"Decker, Vasquez and Cervantes",146,100x200 mm
421,Ultra Vacuum,Little-Hamilton,287,5x7 in
422,Advanced Cooler Lite 360 Sense,"Yates, Shelton and Henry",837,30x40 cm
423,Grill,Aguilar-Banks,403,5x7 in
424,Heater,Trevino Inc,601,50x70 cm
425,Blender Blender,Huerta-Holder,463,XL
426,Smart Freezer Pro Digital Automatic,Weeks-Flynn,560,8x10 in
427,Advanced Webcam Printer Prime Portable Air,"Hansen, Stein and Park",489,XXL
428,Portable Keyboard Freezer,Morrow and Sons,544,Large
429,Phone,Curry Ltd,118,Large
430,Portable Dock Eco Eco Eco,Booker-Sexton,21,5x7 in
431,Ultra Powerbank Brush Charger,Saunders Group,560,Extra Large
432,Brush Blender Vacuum,Morales-Krause,229,100x200 mm
433,Rechargeable Heater Monitor Plus Prime,Atkinson Inc,952,L
434,Compact Toaster Light Monitor,Greer Inc,309,5x7 in
435,Ultra Blender Toaster Camera Plus Fast,"Walton, Lawson and Gaines",256,12x18 in
436,Silent Dock Mixer Router Edge,Lang-Coleman,805,30x40 cm
437,Advanced Scanner Drone Premium Advanced,Spence-Kim,379,XL
438,Automatic Keyboard Toaster Monitor Plus Smart Clean,Fox-Weaver,668,L
439,Pro Toaster Oven Sense Eco Mini,"Berger, Nash and Flowers",860,100x200 mm
440,Wireless Keyboard Kettle,Randolph-James,160,M
441,Portable Vacuum Lite,"Kirk, Erickson and Gomez",95,Extra Large
442,Clean Powerbank Clean Ultra 360,Simmons Group,688,15x20 cm
443,Portable Headphones Air One Compact,Ochoa LLC,297,5x7 in
444,Digital Thermostat Iron Go,"Cordova, York and Fry",852,XS
445,Monitor Light,"Koch, Floyd and Brewer",476,10x10 cm
446,Mini Printer Sense Prime Go,Farmer-Ferguson,514,50x70 cm
447,Premium Headphones Portable,Pollard-Riley,498,M
448,Oven Scale,"Flowers, Santos and Vega",805,100x200 mm
449,Automatic Headphones Stove X,Knox-Santana,887,8x10 in
450,Eco Brush,Bruce Group,94,10x10 cm
451,Digital Lamp Freezer Ultra 360 Pro,Jensen-Orr,245,Small
452,Wireless Phone 360 Mini,Pierce-Medina,17,10x10 cm
453,Smart Lock Bicycle Clean Touch,"Preston, Lamb and Nunez",670,Large
454,Eco Keyboard Go Mini Silent,"Crosby, Fitzpatrick and Lane",472,8x10 in
455,Dock,"Deleon, Hubbard and Joseph",129,L
456,Smart Dock Trimmer,Wiggins-Johnson,172,Medium
457,Digital Headphones Monitor Premium Advanced,Banks PLC,382,10x10 cm
458,Vacuum,"Boone, Velazquez and Hunt",34,8x10 in
459,Ultra Iron Digital Max,Zavala Group,401,Large
460,Keyboard,Cabrera-Whitaker,428,Small
461,Silent Powerbank Lite Plus Clean,Cabrera-Zamora,89,XS
462,Smart Tablet Microphone Trimmer,Perez Ltd,699,50x70 cm
463,Silent Microphone,Knox Inc,328,Extra Large
464,Wireless Bicycle Microphone Digital Portable,Rodgers Group,631,S
465,Automatic Scale Headphones,Shea-Guzman,625,8x10 in
466,Fast Watch Microphone Microphone Smart Premium Portable,Lara Group,258,5x7 in
467,Ultra Brush Touch Mini,"Massey, Stephenson and Huff",145,12x18 in
468,Trimmer Clock,Bond-Gillespie,879,8x10 in
469,Smart Mouse Heater Clean Air,Durham-Harmon,114,15x20 cm
470,Automatic Webcam Scooter One Compact,"Larson, Mann and Guerra",330,Medium
471,Portable Camera Clean Premium,Giles LLC,746,L
472,Smart Phone Thermostat Silent Go,"Logan, Vega and Haynes",947,Extra Large
473,Vacuum,Chase-Reynolds,533,50x70 cm
474,Eco Iron Prime One Wireless,"Houston, Kennedy and Conway",21,XS
475,Pro Speaker Keyboard Digital Touch Automatic,Krueger Group,550,M
476,Rechargeable Lock Charger,Boyd Ltd,44,Large
477,Eco Scale Headphones,Cabrera-Barber,52,M
478,Digital Keyboard Kettle Wireless Fast,Lucas Inc,683,S
479,Printer,Gilbert-Rangel,959,M
480,Wireless Bicycle Scooter,Collier Inc,288,8x10 in
481,Compact Headphones Charger Digital Touch One,Fox-Stone,16,XL
482,Kettle,"Sullivan, Benton and Howe",176,100x200 mm
483,Ultra Iron Toaster Projector Compact Plus,Andrews-Mcgee,898,Medium
484,Mini Clock Brush Clean,Malone and Sons,863,10x10 cm
485,Wireless Cooker Advanced,Benjamin and Sons,380,S
486,Brush Blender Vacuum,"Osborne, Ford and Butler",112,XXL
487,Dock,Mckenzie-Hensley,346,M
488,Rechargeable Mouse Treadmill Phone Smart Clean Premium,Francis-Novak,442,L
489,Ultra Oven Scale,"Case, Buchanan and Kelly",146,XXL
490,Rechargeable Scooter Bicycle Oven One One Fast,Gonzales and Sons,585,Medium
491,Printer Charger Brush,Le-Fuller,917,50x70 cm
492,Ultra Heater Keyboard,"Munoz, Jensen and Combs",901,12x18 in
493,Digital Grill Grill Sense Edge Smart,"Blevins, Arias and Choi",384,L
494,Pro Radio One Touch,Lucas-Vance,757,L
495,Speaker Iron Grill,Murray Group,961,XL
496,Compact Router Smart,Dunn PLC,624,L
497,Cooler Watch Fan,Tanner PLC,955,L
498,Clean Blender Eco Plus,"Haynes, Decker and Meadows",420,5x7 in
499,Automatic Fan,Lawson-Mullen,478,XS
500,Rechargeable Cooker,"Meyers, Schwartz and Mcclure",469,5x7 in
501,Mini Grill Charger Headphones,"Romero, Krueger and Ferrell",305,L
502,Camera Treadmill Heater,"Terry, Murray and Morse",907,Large
503,Portable Cooler Printer Speaker Ultra,Huff-Obrien,265,8x10 in
504,Heater Thermostat,"Wang, Vaughn and Wilson",261,100x200 mm
505,Advanced Clock Air Edge Premium,"Hensley, Richard and Gutierrez",455,S
506,Clean Brush Lock Eco,"Li, Baldwin and Watts",301,M
507,Printer Fan,"Cross, Shannon and Page",266,S
508,Premium Mixer Bicycle Fridge Mini 360 Automatic,"Vasquez, Graham and Rangel",534,100x200 mm
509,Pro Iron Toaster Projector,"Bennett, Ingram and Gordon",632,50x70 cm
510,Smart Charger Treadmill Go Smart One,"Gray, Raymond and Morrison",626,Extra Large
511,Premium Lock Camera,"Sanders, Figueroa and Mcclain",385,8x10 in
512,Smart Cooler Touch Pro Edge,"Singh, Morgan and Houston",943,15x20 cm
513,Smart Projector Freezer Smart,Larsen-Castro,696,5x7 in
514,Advanced Keyboard Portable,Whitaker Group,869,12x18 in
515,Advanced Thermostat Stove Lamp,Barron-Benjamin,301,M
516,Projector,Winters Ltd,216,XL
517,Projector,Proctor-Short,392,L
518,Wireless Heater Toaster Stove,"Ortiz, Merritt and Sanford",187,XXL
519,Blender Blender,King and Sons,20,Medium
520,Webcam Webcam Stove,Le-Barron,139,S
521,Light Drone,Downs-Wood,928,8x10 in
522,Wireless Stove Iron Smart Advanced,"Duffy, Knapp and Orozco",16,M
523,Fast Scooter Eco Premium,Shea LLC,409,S
524,Advanced Headphones Monitor Go Automatic,Dominguez-Weiss,219,8x10 in
525,Clean Brush Blender,Daniels-Robertson,692,S
526,Smart Blender Treadmill Tablet,Weber Group,579,12x18 in
527,Compact Charger Cooker Thermostat Go Mini Smart,Nolan Inc,968,XXL
528,Compact Scanner 360 Plus Ultra,"Compton, Costa and Davila",288,8x10 in
529,Ultra Charger Cooker Thermostat One Prime,Mathis Ltd,415,15x20 cm
530,Rechargeable Radio Radio Portable Clean Premium,"Mccormick, Franco and Brandt",112,50x70 cm
531,Portable Camera Bicycle Speakerphone,Carroll-Browning,852,M
532,Radio,Hays Ltd,561,Large
533,Clean Mixer Drone Toaster,"James, Barker and Booker",406,L
534,Premium Tablet Microphone Trimmer Fast,Underwood-Cox,948,M
535,Brush,"Lam, Howard and Page",360,XS
536,Smart Charger Monitor Brush,Thomas-Dyer,82,12x18 in
537,Wireless Watch Go Sense Ultra,Duran-Cole,933,12x18 in
538,Drone Printer,"Price, Mueller and Yates",445,10x10 cm
539,Premium Printer Lock Thermostat 360,Arellano PLC,481,8x10 in
540,Fast Heater Keyboard Eco,Novak-Rose,11,XS
541,Smart Fan Fast Premium,"Holmes, Gibbs and Shields",928,S
542,Premium Shaver Go,Fletcher PLC,929,M
543,Portable Dock Smart Advanced,Vang-Jacobs,594,Large
544,Wireless Brush 360 Ultra,Vance PLC,951,L
545,Rechargeable Oven Mouse Cooler Eco,Bond PLC,397,XL
546,Advanced Brush Fridge Drone Advanced Prime,Page-Bauer,699,8x10 in
547,Clean Mouse Speaker Cooler Touch One Silent,"Calderon, Blake and Cline",499,XXL
548,Advanced Microphone Clock Smart,Fitzpatrick Group,554,Extra Large
549,Speaker Tablet Headphones,Dawson-Rivas,319,8x10 in
550,Eco Webcam Powerbank Smart Prime Automatic,Rios PLC,310,12x18 in
551,Mini Radio Mixer X Edge Eco,Wheeler PLC,805,L
552,Eco Webcam Smart,Meza-Banks,99,8x10 in
553,Ultra Scanner Drone Portable,Byrd and Sons,74,8x10 in
554,Lamp,"Hull, Baldwin and Weber",615,L
555,Smart Iron Microphone Smart One Premium,"Lutz, Oconnell and Moody",544,XL
556,Wireless Treadmill Touch,Wheeler Ltd,395,S
557,Clean Stove Iron 360 Edge Wireless,Haney Ltd,930,Extra Large
558,Drone Heater Scanner,"Phelps, Kline and Sawyer",738,10x10 cm
559,Portable Fan Scooter Trimmer,"Matthews, Farrell and Francis",681,30x40 cm
560,Compact Lock Touch,Melendez-Potts,197,XL
561,Premium Cooler Vacuum,Pittman Inc,659,Large
562,Compact Thermostat Trimmer Eco Max,"Cain, Sparks and Cooke",583,5x7 in
563,Wireless Fan Scooter Trimmer 360 Clean Fast,Marks-Schaefer,694,XL
564,Wireless Powerbank Cooker Iron,Montgomery Group,527,50x70 cm
565,Fast Iron Thermostat Compact,"Chen, Hatfield and Barnes",836,10x10 cm
566,Premium Scale Trimmer Grill Fast Silent,"Snow, Thompson and Delacruz",598,10x10 cm
567,Advanced Watch Camera One Go,Gentry-Mcmillan,266,L
568,Wireless Keyboard Speakerphone Fan Ultra,Rojas-Hendrix,497,Small
569,Silent Vacuum Webcam Rechargeable,Harmon-Foster,897,XS
570,Ultra Treadmill Rechargeable,"Terrell, Cuevas and Rose",102,XXL
571,Rechargeable Mixer Drone Toaster,Morales-Harrington,806,XXL
572,Eco Brush Scale Grill Ultra,Sawyer-Mckay,383,XL
573,Smart Charger Bicycle Cooker Advanced Air,Duarte-Nielsen,128,Large
574,Thermostat Printer,"Rios, Duarte and Harris",552,XL
575,Clean Heater Keyboard,"Mccoy, Turner and Conrad",216,30x40 cm
576,Premium Thermostat Advanced Go,"Banks, Ritter and Gilbert",546,Large
577,Rechargeable Vacuum Printer,Gonzalez-Montes,72,8x10 in
578,Digital Clock Brush,Andrade-Gentry,194,XS
579,Portable Watch Thermostat,"Ibarra, Yates and West",477,100x200 mm
580,Advanced Grill Lite,Mcmillan-Welch,426,L
581,Rechargeable Watch Digital Max,"Ortiz, Dodson and Cuevas",628,Medium
582,Silent Microphone Clock Touch Smart Wireless,Serrano Inc,184,10x10 cm
583,Wireless Powerbank Pro Wireless,"Mata, Haley and Sosa",726,S
584,Digital Clock Automatic,Dunn-Whitney,95,30x40 cm
585,Clean Treadmill Silent Smart,Nunez-Dyer,908,5x7 in
586,Eco Treadmill Smart,"Bond, Carpenter and Clements",634,Large
587,Charger Lamp,Reyes Inc,440,100x200 mm
588,Rechargeable Thermostat Smart Advanced,Booth-Gamble,915,XS
589,Eco Router Lamp Rechargeable,Carrillo Inc,403,S
590,Portable Tablet 360,Fry LLC,897,8x10 in
591,Wireless Toaster Scanner Automatic Edge Sense,Sims-Barajas,396,30x40 cm
592,Premium Drone,Guzman Inc,942,M
593,Smart Mouse Max Clean,Benton-Townsend,14,5x7 in
594,Lamp,"Doyle, Aguirre and Hill",366,L
595,Smart Mouse,Chandler LLC,521,12x18 in
596,Premium Lock,Bowen Inc,916,XL
597,Advanced Light Air Compact,"Johnson, Blankenship and Porter",172,30x40 cm
598,Ultra Tablet Blender Clean One,Wise and Sons,277,Small
599,Mini Drone Vacuum Pro Air,Shea Ltd,300,Large
600,Mini Fan Speaker Fridge Premium Air Portable,Williamson PLC,965,10x10 cm
601,Pro Powerbank Radio 360 Max,"Cuevas, Hardy and Crane",177,8x10 in
602,Wireless Scooter Microphone,Bailey Group,1,Medium
603,Mixer,"Bradford, Malone and Mclean",616,Medium
604,Silent Clock Lock,Orozco Ltd,327,Medium
605,Silent Lamp Lamp Kettle,Dillon-Russo,233,XL
606,Ultra Thermostat Stove Lamp Premium Touch Digital,"Good, Weiss and Castillo",499,12x18 in
607,Smart Scanner Shaver Powerbank Portable,Holden-Gates,207,10x10 cm
608,Advanced Radio Light Fan 360,"Berg, House and Carrillo",186,30x40 cm
609,Smart Clock Plus Touch,Daugherty Ltd,769,XL
610,Ultra Drone,"Parker, Stevens and Love",731,XXL
611,Smart Trimmer Clock Touch,Avila Inc,993,5x7 in
612,Pro Shaver Thermostat,Stafford LLC,402,Large
613,Premium Fan Prime 360,Robertson-Crane,456,30x40 cm
614,Camera Drone Fan,"Maxwell, Terrell and Rosario",18,Extra Large
615,Smart Fan Speaker Fridge Silent,Thompson-Richards,821,10x10 cm
616,Fast Webcam Projector Lock,Singleton-Tate,663,XL
617,Silent Scanner Tablet Radio 360 Advanced,"Pham, Stein and Ortega",701,L
618,Wireless Tablet Blender,Hayes LLC,991,100x200 mm
619,Portable Webcam Bicycle Camera Advanced Advanced,Brock-Sellers,390,5x7 in
620,Ultra Dock Go Touch,Lowe PLC,413,Extra Large
621,Clean Scooter Compact Max,Bridges Inc,476,8x10 in
622,Rechargeable Fridge Freezer Air,"Vaughan, Gray and Logan",57,100x200 mm
623,Digital Thermostat Microphone Scooter One Smart Pro,Hampton-Henson,473,Extra Large
624,Rechargeable Projector,Barnett and Sons,285,5x7 in
625,Drone,Hayden-Shelton,852,XXL
626,Ultra Bicycle Clock Lamp Air,Ramos-Riddle,762,Medium
627,Mini Fan Speaker Fridge Automatic Smart Go,Chaney PLC,147,Extra Large
628,Ultra Brush Cooler Powerbank Edge Lite Smart,Mann-Yoder,585,8x10 in
629,Portable Grill Trimmer,"Fletcher, Bates and Stout",365,Small
630,Mixer,Romero PLC,698,15x20 cm
631,Eco Heater Edge Portable,"Goodwin, Daugherty and Hull",979,10x10 cm
632,Advanced Headphones Go,Powell Inc,367,Medium
633,Compact Tablet Speaker Scooter Plus Touch,Cisneros-Bishop,253,S
634,Eco Grill Phone Mini Plus,Lester LLC,456,8x10 in
635,Fast Radio Iron Go Eco Pro,"Mckay, Cooke and Heath",994,XL
636,Pro Radio Radio Sense 360 Prime,Glass PLC,964,12x18 in
637,Treadmill,Wang-Pope,374,Medium
638,Wireless Lamp Freezer,Rowland LLC,980,Extra Large
639,Ultra Toaster Air Automatic,Schmitt-Barrera,34,XS
640,Silent Webcam Cooker Toaster,Carney-Reyes,521,8x10 in
641,Clean Headphones,Choi LLC,813,5x7 in
642,Digital Speakerphone Stove Tablet,"Dawson, Cain and Valencia",599,Medium
643,Silent Mouse Monitor Phone Max,Shea-Sosa,116,30x40 cm
644,Silent Speakerphone Oven Advanced Go,"Velazquez, Pena and Ryan",450,S
645,Blender,Mcdaniel and Sons,908,XXL
646,Portable Stove Monitor Tablet Compact Max Premium,Patton-Carr,139,5x7 in
647,Ultra Fan Fast Smart,"Cannon, Lambert and Cohen",352,10x10 cm
648,Camera Bicycle Speakerphone,Humphrey Group,72,100x200 mm
649,Router Freezer Webcam,Gardner-Donaldson,665,10x10 cm
650,Fast Iron Microphone Edge Clean Digital,"Dyer, Spears and Melton",858,100x200 mm
651,Automatic Projector One,"Mora, Jensen and Tapia",174,L
652,Wireless Bicycle Sense,"Campbell, Garcia and Grimes",761,XXL
653,Fast Powerbank Projector Advanced 360 Rechargeable,"Goodman, Brock and Roach",627,30x40 cm
654,Fan Cooler Vacuum,Chase-Pugh,943,50x70 cm
655,Wireless Brush Blender Vacuum,"Torres, Waters and Gallagher",406,Medium
656,Fast Powerbank Brush Charger Sense,Carrillo-Riddle,544,M
657,Digital Cooker Cooler,Melendez-Small,990,XXL
658,Rechargeable Radio Mixer Smart,Morrow-Hickman,561,5x7 in
659,Automatic Lamp Scanner Vacuum,Wyatt-Spencer,839,M
660,Clean Camera Premium Edge,"Ho, Jarvis and Castaneda",520,8x10 in
661,Digital Speakerphone Go,"Chavez, Whitney and Alexander",168,5x7 in
662,Shaver Thermostat,Klein-Bailey,208,8x10 in
663,Ultra Mixer Freezer Trimmer,"Mccormick, Burnett and Pace",703,12x18 in
664,Compact Blender Cooker Smart Go Go,Sutton Ltd,764,XXL
665,Stove,Matthews-Winters,896,5x7 in
666,Lock,Velez Group,601,12x18 in
667,Fast Webcam Webcam Treadmill,"Chan, Christensen and Gentry",588,Medium
668,Rechargeable Printer Compact Eco,Harrington-Simpson,464,Small
669,Clean Light Ultra Air Smart,Jacobson and Sons,277,8x10 in
670,Mini Lamp Blender Drone Advanced Prime Silent,Welch PLC,291,Small
671,Mini Phone Thermostat Prime Eco Advanced,Terrell LLC,460,Medium
672,Clean Fan Iron Clock Advanced Mini Fast,Carroll LLC,293,50x70 cm
673,Eco Webcam Cooker Toaster,Downs Inc,431,12x18 in
674,Wireless Thermostat Printer,Tyler-Burke,350,S
675,Mini Powerbank,Munoz Group,256,L
676,Ultra Powerbank Cooker Iron 360 360,"Cook, Frey and Ward",300,XS
677,Smart Fan,Durham-Leblanc,39,L
678,Lock,Espinoza-Mccullough,372,XS
679,Camera,Hayden and Sons,718,15x20 cm
680,Automatic Clock Smart,"Oconnor, Carson and Reynolds",190,L
681,Drone,Cooke LLC,331,10x10 cm
682,Smart Keyboard Ultra,"Lam, Henson and Marquez",342,M
683,Eco Printer Charger Brush,Friedman-Clayton,774,30x40 cm
684,Automatic Dock,Holland-Jefferson,4,Extra Large
685,Digital Microphone Cooler Prime Smart,Christensen and Sons,957,50x70 cm
686,Mini Kettle,Mckinney-Mccarty,243,100x200 mm
687,Wireless Brush Blender Vacuum,Clarke PLC,266,100x200 mm
688,Watch Tablet Printer,Grimes-Collier,78,50x70 cm
689,Advanced Scale Toaster Plus,Khan-Ochoa,452,Extra Large
690,Digital Vacuum Touch Rechargeable Compact,Spears Group,580,XS
691,Lock,Herring Ltd,927,8x10 in
692,Pro Microphone Cooler Automatic Clean Mini,"Koch, Strickland and Stout",509,M
693,Premium Charger Lamp Digital,Mathis-Lewis,786,S
694,Silent Webcam Dock Heater Sense,Hebert Group,16,Large
695,Phone Iron Speakerphone,Leonard and Sons,706,12x18 in
696,Wireless Lock Thermostat Edge,Schneider LLC,753,Medium
697,Portable Scooter Rechargeable,"Berry, Middleton and Strong",700,XS
698,Automatic Projector Brush Go,Cobb-Patel,275,XL
699,Ultra Camera Keyboard Digital Air,"Luna, Blevins and Crane",404,S
700,Microphone Cooler,Austin Inc,81,Extra Large
701,Fast Shaver Max Air,Clements PLC,630,S
702,Heater,"Reynolds, Martinez and Bradley",934,100x200 mm
703,Lamp Lamp Kettle,Brooks-Lin,364,100x200 mm
704,Pro Printer Fan,Davis-Bradley,261,12x18 in
705,Kettle Vacuum,Morse-Combs,918,30x40 cm
706,Pro Dock Freezer Projector Sense,Day-Dixon,282,M
707,Advanced Router Wireless Digital Eco,Lane LLC,384,XS
708,Advanced Brush Scale Grill,Hunter Inc,906,30x40 cm
709,Mini Headphones Compact Advanced,Ramirez-Pearson,398,S
710,Automatic Radio Treadmill Silent,"Bell, Herring and Boyle",805,Large
711,Eco Tablet Blender Clean,Rose-Escobar,925,30x40 cm
712,Ultra Blender Sense,May Inc,28,M
713,Rechargeable Grill Phone Go Edge,Nichols Inc,884,30x40 cm
714,Automatic Radio,Bates-Boone,540,8x10 in
715,Portable Scanner Shaver Powerbank Ultra,Griffith-Hebert,935,50x70 cm
716,Silent Freezer Projector Webcam Go,"Lucero, Baxter and Diaz",828,Extra Large
717,Smart Fan Powerbank Air Portable 360,"Espinoza, Woodard and Burgess",413,10x10 cm
718,Grill Tablet Fridge,Brooks-Underwood,761,L
719,Dock Freezer Projector,Waller-Whitney,264,Extra Large
720,Clean Radio,"Branch, Stephenson and Forbes",295,10x10 cm
721,Printer,Brady-Barnes,203,5x7 in
722,Advanced Fridge Cooker Pro Digital Prime,Moran-Rangel,29,XL
723,Smart Vacuum Cooler Prime,Mcclain-Caldwell,179,12x18 in
724,Portable Speakerphone X,Fisher-Le,328,XXL
725,Smart Freezer Projector Webcam One Premium One,Pearson-Foley,759,M
726,Mini Stove Iron,Castaneda-Sims,614,S
727,Portable Tablet,Garcia-Jones,149,12x18 in
728,Clean Drone Heater Scanner Plus,"Hayes, Peck and Bridges",926,50x70 cm
729,Digital Blender Treadmill Tablet Wireless Plus,"Patton, Castro and Williamson",690,8x10 in
730,Pro Drone Advanced Lite,"Olson, Macdonald and Kemp",969,5x7 in
731,Ultra Blender Toaster Camera Ultra,Beard Group,994,XXL
732,Rechargeable Thermostat Printer Sense Max Sense,Larsen-Santos,748,12x18 in
733,Router Freezer Webcam,Ross-Gray,7,Large
734,Smart Mouse Smart Portable,Keith-Shelton,534,XL
735,Smart Freezer,Michael Inc,174,10x10 cm
736,Projector,Ashley-Carroll,435,12x18 in
737,Drone,Roy-Maxwell,390,XXL
738,Ultra Fan Phone One,Thomas Inc,902,100x200 mm
739,Eco Trimmer Cooler,Terrell-Huerta,975,8x10 in
740,Premium Clock Drone Charger,Reyes PLC,131,15x20 cm
741,Premium Scooter Microphone Max,Lester-Mendez,907,8x10 in
742,Digital Iron Cooler Iron One Touch,"Mccall, Bass and Dudley",436,Large
743,Smart Heater Go Smart,Shaw-White,715,5x7 in
744,Premium Brush,Buck-Hoover,30,12x18 in
745,Smart Printer Freezer Advanced,"Fernandez, Duran and James",761,10x10 cm
746,Scale Clock,Gonzalez LLC,186,30x40 cm
747,Silent Fan Digital Smart,"Beasley, Miles and Patrick",729,S
748,Fast Brush Touch Fast,"Houston, Barnett and Hernandez",256,Small
749,Silent Charger Lock Oven,Christensen-Hendrix,709,10x10 cm
750,Advanced Stove Light,Mcclure PLC,219,5x7 in
751,Smart Vacuum Plus Lite Clean,"Dunlap, Bonilla and Leon",451,L
752,Clean Mixer Toaster Toaster,Brooks-Martin,778,12x18 in
753,Smart Iron Microphone,Grant Inc,133,15x20 cm
754,Fast Trimmer Clock Mini Premium,"Wolf, Browning and Moody",94,100x200 mm
755,Lamp,Wyatt Group,312,10x10 cm
756,Portable Kettle Digital Go,Lopez and Sons,978,L
757,Smart Heater Keyboard,Aguilar-Rangel,737,Large
758,Fan Phone,Schneider Group,874,Large
759,Microphone,Ayers-Day,194,XXL
760,Portable Fan,"Glover, Cline and Mann",437,50x70 cm
761,Ultra Thermostat Stove Lamp,Armstrong LLC,758,L
762,Rechargeable Headphones Portable Wireless,"Armstrong, Farley and Dixon",330,Large
763,Rechargeable Fan Scooter Trimmer Sense,Melton Ltd,437,XS
764,Digital Toaster Scanner Fast Edge Portable,Carey-Patel,160,XXL
765,Clean Kettle Portable One,"Griffith, Nixon and Bass",338,S
766,Silent Thermostat Drone Heater,Jenkins-Haney,835,Large
767,Toaster Clock Monitor,Hanson-Buchanan,787,50x70 cm
768,Advanced Headphones Charger X Fast,"Patel, Wyatt and Wolfe",748,15x20 cm
769,Eco Brush Edge,Greer-Herring,339,Medium
770,Compact Scanner Tablet Radio Clean Plus Sense,Bolton-Hensley,349,Small
771,Trimmer Stove,Hammond-Perkins,434,S
772,Automatic Monitor Brush Monitor 360 Lite,Mejia-Vincent,228,8x10 in
773,Ultra Bicycle Microphone,House PLC,532,L
774,Projector,Leblanc PLC,625,5x7 in
775,Mini Grill Grill Scale Max Premium,"Barnett, Lucero and Morales",604,XS
776,Eco Headphones Premium,Moreno-Glass,882,5x7 in
777,Fast Fan Monitor Toaster Pro Rechargeable Edge,"Avila, Stone and Spence",237,L
778,Wireless Iron Thermostat Premium Eco,Dudley LLC,567,8x10 in
779,Premium Router Sense Digital 360,Hernandez-Bowman,600,5x7 in
780,Automatic Radio Mixer X,"Dixon, Ramirez and Williamson",625,M
781,Mini Grill Phone Smart Mini,Galvan-Wang,565,XXL
782,Silent Watch Tablet Printer X Digital Max,"Gutierrez, Chandler and Wilson",292,S
783,Smart Freezer One,Henderson-Howe,273,XL
784,Clean Dock Edge,Neal-Harding,970,S
785,Tablet,"Jackson, Simpson and Jensen",347,5x7 in
786,Smart Speakerphone Smart Eco,Gonzales-Porter,14,Large
787,Smart Keyboard Portable Touch,Roberts-Miranda,589,30x40 cm
788,Scanner Tablet Radio,"Pugh, Figueroa and Hill",292,Medium
789,Pro Tablet,"Mccarthy, Hahn and Colon",505,S
790,Advanced Radio Bicycle Cooler,"Key, Gomez and Oneill",555,S
791,Eco Scooter Scale Cooler Sense Air Clean,Bass-Hess,400,15x20 cm
792,Rechargeable Scooter Scale Cooler Automatic Plus 360,"Dillon, Ruiz and Clay",505,5x7 in
793,Iron Toaster Projector,"Hernandez, Robertson and Hammond",61,5x7 in
794,Keyboard,Holt-Parks,298,50x70 cm
795,Mini Drone Heater Scanner One Wireless,Wagner-Bright,234,10x10 cm
796,Mini Lock Camera,"Payne, Mcknight and Michael",171,8x10 in
797,Smart Dock Ultra,"Bennett, Marsh and Levine",528,Medium
798,Fridge Mouse Monitor,Holmes-Cardenas,46,XS
799,Premium Shaver Premium Premium Fast,Curry-Reed,482,Extra Large
800,Portable Watch Portable Edge,"Lane, Blake and Graham",47,XL
801,Printer,"Montoya, Adkins and Campos",135,Medium
802,Digital Fan Iron Cooker,"Deleon, Schroeder and Steele",128,8x10 in
803,Silent Router Scanner Max Touch,Maldonado and Sons,22,5x7 in
804,Portable Headphones Fast Smart Touch,Krause and Sons,525,XXL
805,Mini Treadmill X X,Gallegos Group,51,M
806,Digital Heater Mixer Shaver,"Fernandez, Mcdonald and Mayer",679,5x7 in
807,Digital Cooler Lite,Hobbs-Sanders,957,8x10 in
808,Rechargeable Cooker Ultra Silent,Bowman-Arnold,840,15x20 cm
809,Printer,Velazquez Group,652,30x40 cm
810,Scale Toaster,Riggs Inc,792,Large
811,Premium Kettle Silent Advanced,"Poole, Browning and Horn",216,XS
812,Fan Cooler Vacuum,Bernard PLC,259,10x10 cm
813,Blender,Curtis-Cantu,866,Small
814,Wireless Light Eco Portable,"Hansen, Mcgrath and Barton",186,30x40 cm
815,Smart Heater Thermostat,Lane-Mcneil,1,Large
816,Scooter,Banks and Sons,103,8x10 in
817,Headphones,"Terry, Palmer and Sexton",433,8x10 in
818,Blender Toaster Camera,Finley Ltd,915,8x10 in
819,Portable Radio Bicycle Cooler,Steele and Sons,550,Medium
820,Pro Oven,"Cox, Chan and Phelps",255,50x70 cm
821,Mixer,"Ruiz, Roach and Becker",896,L
822,Portable Microphone Camera Eco,"Rush, Andersen and Hunter",537,Large
823,Silent Camera Heater Webcam One Silent Smart,Campos PLC,362,S
824,Compact Vacuum Shaver,Craig and Sons,801,S
825,Mini Webcam Scooter Compact,"Bass, Chambers and Ellison",776,S
826,Smart Speakerphone 360,Fox Group,400,XL
827,Advanced Kettle Brush Fan,Holt Inc,179,XXL
828,Automatic Scanner Monitor Treadmill Prime X Pro,Houston-Lawson,506,XS
829,Grill Brush Watch,Mcdonald-Fernandez,930,Extra Large
830,Smart Heater Clean Rechargeable Smart,"Rice, Stuart and Monroe",612,10x10 cm
831,Premium Blender Automatic Air,Black-Meadows,351,XL
832,Grill,"Clarke, Blake and Fleming",163,15x20 cm
833,Mini Radio Stove Shaver,Zhang and Sons,276,15x20 cm
834,Wireless Lock One,"Rhodes, Flynn and Townsend",887,100x200 mm
835,Ultra Keyboard Toaster Monitor X,Mckinney PLC,720,15x20 cm
836,Dock Speaker Phone,Leon LLC,357,XXL
837,Smart Projector Mini,Mitchell-Sanchez,274,M
838,Smart Radio Bicycle Cooler,Nash LLC,856,Extra Large
839,Mini Webcam Projector Lock Smart Prime,Webb LLC,130,M
840,Premium Mouse Mouse Router Advanced One Air,Kelley-Richard,484,10x10 cm
841,Shaver,"Brewer, Luna and Rowland",763,10x10 cm
842,Rechargeable Fan Pro,Burch Group,114,Extra Large
843,Compact Fan Clock Camera Plus Sense,Lewis-Johnston,84,L
844,Rechargeable Phone Automatic Sense Wireless,"Stanton, Molina and Leach",545,Extra Large
845,Advanced Printer Fan Shaver Compact Touch Clean,Berry-Haley,519,12x18 in
846,Compact Iron Drone Portable,Gomez PLC,964,S
847,Oven,Vance-Howe,578,M
848,Compact Brush,Baldwin Group,41,L
849,Charger,Potter LLC,971,10x10 cm
850,Freezer Phone,"Gardner, Dickson and Hernandez",622,15x20 cm
851,Smart Keyboard Plus,"Branch, Gallagher and Travis",606,8x10 in
852,Freezer Mixer Lock,Nichols Ltd,766,50x70 cm
853,Portable Mixer Lamp Automatic,Avila Ltd,305,100x200 mm
854,Pro Oven Mouse Cooler Go,"Hubbard, Fox and Ray",140,15x20 cm
855,Smart Vacuum X,Costa-Dillon,518,5x7 in
856,Compact Camera Bicycle Speakerphone,Mcconnell PLC,922,XS
857,Mini Lamp Speakerphone Headphones Automatic Compact Ultra,"Banks, Werner and Barron",921,100x200 mm
858,Blender Cooker,Waters Inc,908,12x18 in
859,Digital Camera Rechargeable Sense Digital,Blevins and Sons,97,10x10 cm
860,Silent Iron Rechargeable Fast Plus,Cole-Peters,662,50x70 cm
861,Portable Drone Portable,"Curry, Boyd and Reese",451,50x70 cm
862,Charger Lamp,"Macias, Griffith and Cooper",940,100x200 mm
863,Premium Router,"Thompson, Reeves and Kirk",291,Extra Large
864,Wireless Toaster,"Swanson, Fuentes and Frederick",990,8x10 in
865,Advanced Fan Cooler Vacuum Smart,Bowman-Cortez,766,XXL
866,Portable Printer Charger Brush 360,Mclean Ltd,622,Small
867,Compact Printer Charger Brush Fast,"Kerr, Valenzuela and Dudley",646,Large
868,Advanced Scanner Keyboard Monitor Premium,Glenn Inc,336,30x40 cm
869,Smart Mixer Vacuum,Bradley-Manning,184,M
870,Rechargeable Projector,"Camacho, Hicks and Fuller",43,5x7 in
871,Lock Charger,Foley-Schroeder,284,100x200 mm
872,Rechargeable Router Lamp Compact Eco Plus,Aguilar PLC,889,50x70 cm
873,Smart Fridge Camera Mini,Navarro-Mcmahon,827,Small
874,Automatic Cooker Cooler Edge Advanced,Gill Group,223,M
875,Silent Drone Thermostat Headphones,"Mitchell, Baird and Hernandez",223,10x10 cm
876,Premium Scooter Eco Fast,"Baldwin, Watson and Beasley",471,100x200 mm
877,Portable Keyboard Silent Fast,Rowe-Perkins,896,30x40 cm
878,Advanced Tablet Cooler Fridge Plus Smart Mini,Robertson Inc,523,Large
879,Smart Brush Fridge Drone Smart,"Sharp, Chase and Perkins",893,XL
880,Digital Mixer Treadmill Sense Touch Edge,"Oliver, Reynolds and Shaw",803,100x200 mm
881,Wireless Router Freezer Webcam Rechargeable,"Pierce, Huffman and Vaughn",673,Large
882,Advanced Fan Cooler Vacuum,Castaneda Group,568,L
883,Eco Thermostat Oven Advanced Edge,"Strickland, Jimenez and Stevens",346,12x18 in
884,Lamp Grill,Jarvis-David,120,Large
885,Pro Keyboard,Holland-Downs,587,100x200 mm
886,Portable Lock Charger,Mann-Cole,311,Extra Large
887,Fast Thermostat Drone Heater Plus One,Frost Inc,625,Medium
888,Rechargeable Watch,"Faulkner, Cervantes and Morales",976,12x18 in
889,Oven Trimmer,Brady-Farrell,984,8x10 in
890,Automatic Cooler Printer Speaker,Rios-Griffin,288,Small
891,Smart Light Premium Compact Premium,Henderson-Mcclain,230,Medium
892,Blender Toaster Camera,Hampton Inc,786,30x40 cm
893,Smart Mouse Lamp Pro,Gregory-Sheppard,735,Large
894,Advanced Webcam Projector Oven,Newman-Malone,507,Extra Large
895,Projector Speaker Treadmill,"Dyer, Mcdowell and Holmes",991,12x18 in
896,Fast Fridge Cooker Max Fast,Pierce PLC,883,XL
897,Ultra Phone Rechargeable Wireless Wireless,Byrd Ltd,310,10x10 cm
898,Smart Drone Speaker Speaker Air Smart Clean,Krause PLC,105,XXL
899,Fast Webcam Projector Lock Rechargeable,"Simpson, Atkins and Daniel",448,30x40 cm
900,Pro Mixer Lamp Rechargeable,"Nixon, Mcclure and Stephenson",310,10x10 cm
901,Fast Printer Fan Shaver Sense One,Galvan-Ortega,999,Extra Large
902,Eco Fan Plus,"Mullins, Anthony and Reid",127,S
903,Wireless Mixer Vacuum Plus Eco,Mata PLC,257,L
904,Stove Iron,Manning-Daniels,914,100x200 mm
905,Automatic Lock Thermostat Premium Clean Rechargeable,Jackson Ltd,890,12x18 in
906,Advanced Watch 360 Clean,Nicholson Ltd,11,XXL
907,Premium Printer Wireless,Green and Sons,73,Medium
908,Eco Lock,"Dunn, Chavez and Fitzgerald",627,XXL
909,Rechargeable Mixer Bicycle Fridge Pro,Barrett PLC,372,50x70 cm
910,Clock Lock,"Conway, Villanueva and Kerr",54,50x70 cm
911,Silent Oven Smart,Hensley LLC,37,Small
912,Compact Mixer Lamp Digital Eco Eco,"Leonard, Benitez and Wu",603,15x20 cm
913,Fan Drone Monitor,Gibson-Briggs,795,S
914,Mini Fan Edge,Sims Ltd,373,XXL
915,Webcam Webcam Stove,"Hurst, Callahan and Roberson",893,L
916,Smart Scooter Eco Eco Advanced,Alvarado Group,108,100x200 mm
917,Fast Scooter Scale Cooler Prime Silent,"Li, Lewis and Alvarado",77,Small
918,Portable Microphone Treadmill Oven Silent,"Mcfarland, Cooley and Obrien",408,10x10 cm
919,Dock Dock Trimmer,Hendrix LLC,222,Large
920,Radio Stove Shaver,"Little, Horn and Page",392,L
921,Scale,"Rhodes, Watson and Brewer",812,100x200 mm
922,Ultra Speaker Tablet Headphones,"Higgins, Travis and Hart",152,50x70 cm
923,Powerbank,"Todd, Day and Wall",112,Small
924,Pro Mixer Drone Fan Fast,Frederick Ltd,892,Extra Large
925,Rechargeable Lock,Barajas-Horne,555,M
926,Advanced Phone Max Air 360,"Herring, Burch and Weber",297,S
927,Fast Cooler Treadmill Air Digital Portable,"Hale, Grimes and Calhoun",979,50x70 cm
928,Freezer Powerbank Watch,"Ramsey, Huynh and Mcdowell",553,S
929,Ultra Vacuum Fan Edge,Haas-Dougherty,704,10x10 cm
930,Stove Monitor Tablet,Diaz-Atkinson,417,10x10 cm
931,Pro Charger Monitor Brush,Manning Ltd,627,Small
932,Dock Speaker Phone,"Kirk, Cuevas and Ho",719,XL
933,Clean Dock Eco Max,Berry-Garrett,810,15x20 cm
934,Automatic Microphone Camera Edge Fast,"Avery, Norton and Cobb",256,15x20 cm
935,Compact Freezer Mixer,Solomon Inc,697,Small
936,Mini Bicycle Air Silent Fast,"Flores, Burton and Lawrence",453,10x10 cm
937,Rechargeable Cooler Treadmill Wireless Go,"Roth, Barry and Steele",498,XL
938,Digital Dock Freezer Projector Mini One Mini,"Jenkins, Doyle and Melendez",158,8x10 in
939,Printer Lock Thermostat,Shepherd-Sweeney,658,100x200 mm
940,Smart Headphones Stove,Velasquez-Williams,456,Large
941,Automatic Printer Webcam Touch Air,Hunt PLC,237,Medium
942,Clean Vacuum Router Toaster Compact Sense,"Stevenson, Goodman and Hancock",789,Small
943,Clean Webcam Toaster 360,Adams-Lucero,189,Small
944,Trimmer Webcam Heater,Heath-Pollard,319,30x40 cm
945,Clean Grill Grill Mini Mini,Kaufman-Rangel,500,L
946,Wireless Blender,"Travis, Strong and Mack",909,8x10 in
947,Ultra Kettle Brush Fan Ultra Plus Rechargeable,Patterson-Lawson,65,M
948,Keyboard Freezer,"Whitehead, Clark and Guzman",256,15x20 cm
949,Premium Light Headphones Tablet,"Warren, Huang and Nunez",310,30x40 cm
950,Rechargeable Projector Air 360 Lite,Clements Inc,958,L
951,Blender Blender,Dean-Haas,543,Medium
952,Radio Iron,Blackwell-Hill,688,S
953,Smart Monitor Brush Monitor Fast Premium,Friedman and Sons,74,Large
954,Smart Blender Treadmill Tablet Pro Silent Edge,"Elliott, Olson and Potts",670,10x10 cm
955,Smart Projector Ultra,Thornton-Malone,466,100x200 mm
956,Premium Heater Keyboard,Forbes and Sons,807,15x20 cm
957,Smart Scooter Bicycle Oven Smart,"Donovan, Cline and Avila",540,XL
958,Rechargeable Trimmer Stove,Price-Joyce,893,5x7 in
959,Premium Freezer Edge Portable X,Hunt-Lowery,627,Extra Large
960,Pro Speakerphone Mixer Air Touch,Hardin-Haley,341,S
961,Digital Camera Keyboard,"Bass, Navarro and Mercado",406,Medium
962,Clean Scooter Bicycle Oven Silent,Pratt-Serrano,337,15x20 cm
963,Silent Printer Rechargeable Prime Advanced,"Mcneil, Pugh and Cox",383,XXL
964,Clean Printer Fan Smart,"Mosley, Cobb and Lucero",235,XL
965,Wireless Projector Freezer Automatic Smart,"Fowler, Hunter and Hodges",544,15x20 cm
966,Premium Mixer Vacuum X Clean,"Schneider, Huber and Dougherty",774,30x40 cm
967,Compact Keyboard Air Edge Go,Lowery Ltd,497,Extra Large
968,Rechargeable Printer Fast,Marshall-Wise,53,8x10 in
969,Fast Treadmill Advanced Wireless,Hodges-Gutierrez,506,100x200 mm
970,Smart Shaver Smart Sense Clean,Garcia-Crawford,272,5x7 in
971,Silent Treadmill Clean Rechargeable,Moon-Hebert,709,Small
972,Microphone Lamp Speaker,"Hoffman, Bender and Jackson",14,10x10 cm
973,Treadmill,Paul-Gates,501,Small
974,Smart Microphone Cooler Silent Sense Advanced,Saunders-Patel,760,Extra Large
975,Smart Scanner Drone Mini Prime Mini,Ray-Bullock,674,S
976,Clean Keyboard Toaster Monitor,Bennett-Wiggins,102,12x18 in
977,Rechargeable Cooker X,"Gentry, Elliott and Aguirre",80,Small
978,Compact Fan Iron Cooker Go Mini,Bray-Cowan,993,100x200 mm
979,Smart Watch Mini Silent Plus,Mcfarland-Lopez,93,Small
980,Premium Router Lamp Eco Fast Advanced,Smith-Garrison,648,XL
981,Scale Clock,Bush-Weeks,249,XS
982,Portable Scooter X Plus,Mcdonald LLC,453,100x200 mm
983,Premium Camera Router Fan Max Compact Prime,"Fisher, Chan and Ashley",897,15x20 cm
984,Premium Cooler Treadmill,"Francis, Holloway and Glenn",505,L
985,Advanced Stove Monitor Tablet,Bond PLC,471,8x10 in
986,Advanced Projector Compact Sense Mini,Mcintosh Inc,179,Large
987,Portable Webcam Stove Grill Edge Premium,"Lang, Paul and Silva",437,XXL
988,Blender Treadmill Tablet,"George, Oconnor and Gray",754,100x200 mm
989,Advanced Heater Ultra Wireless Go,"Daugherty, Cooper and Gardner",518,30x40 cm
990,Pro Fan Wireless Prime,"Flynn, Ayers and Duffy",622,XXL
991,Compact Radio Light Fan Sense,"Reed, Sheppard and Irwin",944,50x70 cm
992,Smart Radio,Mueller-Steele,660,10x10 cm
993,Portable Clock Drone Charger Clean Ultra,Ruiz Group,562,30x40 cm
994,Compact Scale Headphones Sense Prime,Fuentes-Curtis,537,M
995,Silent Router Phone Portable Automatic,Huffman Group,903,XL
996,Digital Treadmill Clean Go,Woodward Group,8,Medium
997,Wireless Vacuum Shaver,Ramos-Cardenas,615,Extra Large
998,Portable Cooker Brush 360 Digital Mini,Hooper-Bender,811,S
999,Smart Watch Edge Digital Sense,Campos Inc,867,50x70 cm
